sponsorID,sponsorName,sponsorPhone,sponsorAddress
1,Revkah Bleaden,292-328-5024,Indonesia
2,Debor Ruggs,689-840-9916,Cyprus
3,Alicia Gaudin,448-888-1246,China
4,Alvinia Dandy,870-263-9868,China
5,Jerrilyn Worms,992-340-8481,Iran
6,Mikey Kachel,835-804-4389,Indonesia
7,Ruthy Barrie,741-625-4330,China
8,Carolyne Lundbech,791-712-7238,Philippines
9,Jo-anne Heckney,552-317-8966,Nigeria
10,Sheila-kathryn Anyene,560-492-8113,Indonesia
11,Lotte Le Fevre,480-241-7076,China
12,Kincaid Dellatorre,402-768-3670,Poland
13,Calvin Fever,921-669-8931,China
14,Forrest Becraft,469-891-6784,Philippines
15,Kimmi Cockshoot,547-566-0078,Croatia
16,Cathrine Scay,966-634-3489,Ecuador
17,Ciel Sturzaker,732-883-4806,Portugal
18,Julienne Bigglestone,392-410-1295,China
19,Burgess Aloigi,457-569-0958,Indonesia
20,Krystyna Ivimy,509-467-6778,Brazil
21,Cobby Crawcour,631-912-9893,Czech Republic
22,Annabell Siely,557-811-9914,China
23,Corbet Spering,576-840-6947,Russia
24,Kaylil Conley,293-669-6657,China
25,Corabelle Paddell,702-527-9479,Russia
26,Beilul Ternent,365-360-1492,China
27,Mable Gallaher,757-613-0973,United States
28,Waylan Macconaghy,343-396-7354,Yemen
29,Rosaleen Hinstridge,856-919-6390,Canada
30,Sebastiano Rennix,674-383-4314,Indonesia
31,Alano Bissill,771-284-2870,Portugal
32,Valera Furlonge,491-948-0009,Portugal
33,Tim Spellicy,255-765-5989,Syria
34,Georgeanne Laidlaw,618-965-2579,Pakistan
35,Clemmie Kaiser,294-975-7665,China
36,Vinson Spillane,619-135-1261,United States
37,Cicily Driutti,804-530-5726,China
38,Kennith Garrad,256-661-9480,China
39,Sib Gadesby,460-681-7158,Indonesia
40,Tine Bandt,954-720-4027,Yemen
41,Sherill Surgood,858-466-6416,China
42,Maureene Langstone,712-123-4585,Brazil
43,Lesly Pepye,266-845-8715,Democratic Republic of the Congo
44,Abra Do,818-514-8710,China
45,Blinny Rarity,675-908-0201,Poland
46,Iver Newcome,317-652-9388,China
47,Harman Beauly,467-998-5199,Greece
48,Cassie Burnham,376-416-3565,Serbia
49,Andeee Kevern,520-510-7019,Philippines
50,Joceline Weaving,147-728-8999,Thailand
51,Madison Olenin,102-469-9666,Ivory Coast
52,Mella Lettington,208-851-9493,Palestinian Territory
53,Erwin Roundtree,898-137-5307,Brazil
54,Saundra Fussen,556-954-8781,Sweden
55,Jeanne Fike,815-227-5826,Brazil
56,Jo ann Ingarfill,327-357-9243,France
57,Caye Geale,578-324-7573,China
58,Anny Tiddy,701-447-1385,China
59,Rhetta Lilburne,603-574-2789,Bosnia and Herzegovina
60,Reggy Brikner,167-277-6149,Slovenia
61,Nappie Airton,222-578-1993,Poland
62,Donaugh Lemme,677-540-8990,Russia
63,Analiese Arnaud,184-345-4682,Pakistan
64,Darla Newark,647-284-3229,Belarus
65,Ariella Smeaton,691-171-7041,Greece
66,Jose Marsy,629-873-1200,Czech Republic
67,Koralle Jacombs,702-697-8660,China
68,Salli Tatford,902-302-0952,United Kingdom
69,Mal Yarnell,153-555-5190,China
70,Dalis Yvens,933-653-6453,Portugal
71,Fredrick Dabnor,488-323-4708,Russia
72,Shae Mose,980-878-3657,China
73,Nicki Dyster,198-314-7282,Indonesia
74,Sissy Wiburn,342-736-3912,Ecuador
75,Dari Ellcome,792-329-1531,Russia
76,Tedie Panting,603-854-2382,Sweden
77,Dorella Thowless,556-636-7738,China
78,Elvyn Creavan,921-970-3423,Czech Republic
79,Mariele Yukhnevich,824-868-7149,Philippines
80,Maurizio Waber,317-725-1659,Greece
81,Aurea Gooly,291-967-8592,Ukraine
82,Barn Sears,282-170-1494,China
83,Fianna Volant,931-306-5795,France
84,Lind Scanlan,600-463-2431,Madagascar
85,Marlow Wiggans,937-152-9811,Argentina
86,Eugenia Danielkiewicz,593-608-8692,China
87,Tailor Reis,876-839-6741,Thailand
88,Kathe Dows,176-827-5972,China
89,Stuart Upwood,599-749-5984,Ukraine
90,Aldus Paulet,549-876-8353,Kenya
91,Herb Hamber,336-578-0160,China
92,Merna Lowerson,716-533-8061,Albania
93,Teena Meiningen,559-859-4439,Central African Republic
94,Deane Dutch,558-181-7850,Israel
95,Chickie Munns,127-277-7765,China
96,Ancell Dash,529-485-2821,Peru
97,Daffy Whorlow,613-830-4662,Mexico
98,Bunnie Petz,145-360-6672,Mauritania
99,Babita Pryell,582-235-0090,Netherlands
100,Dieter Pexton,131-552-8365,Indonesia
101,Helli Steade,968-237-8421,Russia
102,Fina Lindley,411-835-3520,Bangladesh
103,Emlyn Airdrie,445-838-3991,Japan
104,Hillary Papez,919-400-9023,United States
105,Myrtle Vallender,383-648-6919,China
106,Shel Lethardy,543-962-9765,China
107,Franzen Kitney,497-116-3148,Uzbekistan
108,Lilla Vigrass,476-622-9948,Canada
109,Jason Kenwright,878-523-8492,Philippines
110,Haskell Lamanby,263-228-8561,Japan
111,Traver Jiran,554-947-4404,Greece
112,Pennie Logan,553-862-7649,Bosnia and Herzegovina
113,Jena Brahm,212-800-1401,Philippines
114,Creighton Hedge,788-218-1118,China
115,Sal Bilbrey,463-255-2220,Myanmar
116,Gareth MacGilrewy,861-319-3653,Netherlands
117,Abbie Borrel,812-327-1144,Russia
118,Harland Chark,759-255-9147,Russia
119,Rasia Lockley,900-627-6072,Brazil
120,Jasun Plinck,603-997-6637,Nicaragua
121,Arturo McPartlin,907-533-2152,Russia
122,Wilburt Simeone,303-460-2888,Canada
123,Benito Senescall,727-101-7718,China
124,Evelin Shillitto,151-402-2494,French Guiana
125,Sigrid Amiable,241-307-5090,Serbia
126,Jackqueline Howse,294-262-2134,Greece
127,Odo Andric,156-434-1805,Brazil
128,Donetta Cheverell,281-194-6627,Poland
129,Arley Mullin,319-949-0864,China
130,Eimile Tyhurst,190-365-6689,Thailand
131,Mollie Darnell,941-387-3734,Indonesia
132,Davey Jollie,164-636-2220,Poland
133,Sybyl Sigert,754-938-4546,Indonesia
134,Jareb Filippazzo,729-441-2181,Philippines
135,Christalle Spancock,229-239-6790,United States
136,Josephina Dami,799-272-6795,Bosnia and Herzegovina
137,Darrin Rubert,862-345-3883,Samoa
138,Armin Labbez,111-693-3858,Afghanistan
139,Hobie Brailey,884-827-5508,China
140,Kalil Croson,201-859-3924,Czech Republic
141,Olivette Dearth,520-998-6500,Japan
142,Revkah Espasa,651-852-4219,Belarus
143,Orville Foote,779-485-2940,Czech Republic
144,Hashim Coke,770-727-3988,Canada
145,Maia Oswal,572-503-3686,Bulgaria
146,Brenna Davidson,224-916-9107,Philippines
147,Durant Alenichicov,765-228-2411,France
148,Dela Benech,938-196-4246,Indonesia
149,Ring Zarfat,909-880-5161,United States
150,Cleavland Faldoe,572-661-2752,Croatia
151,Mord Staton,442-150-7415,Philippines
152,Iain Lewty,411-285-9674,Latvia
153,Julian Kingwell,888-255-7245,Portugal
154,Berthe Goade,747-675-5048,China
155,Lorita Lafayette,960-994-2573,China
156,Sal Bunch,396-363-4189,Nauru
157,Bernardina Giovannelli,975-370-9643,Cuba
158,Bev Roycroft,928-886-1876,Philippines
159,Fallon Kem,472-521-9750,Portugal
160,Zarah Kedslie,566-914-8824,China
161,Aryn Wolstenholme,207-857-9911,Sweden
162,My Edelston,467-959-6924,Japan
163,Phelia Dewett,507-275-2310,Paraguay
164,Darryl Amyes,716-715-0936,China
165,Nita Danieli,638-881-0392,China
166,Bonny Tams,509-970-1204,Bangladesh
167,Cammy Pruckner,650-658-6540,Gambia
168,Wiley Argile,668-809-7801,Iran
169,Ginni Tompkiss,797-254-9985,Finland
170,Sherye Crolla,784-569-1680,China
171,Gabie Utridge,329-307-0718,China
172,Erin Voice,883-543-6746,Macedonia
173,Marney McKintosh,729-926-4538,Venezuela
174,Barri Leppard,501-299-0506,Lithuania
175,Max Bruntje,362-245-9383,Portugal
176,Merrill Ramel,585-285-7895,Indonesia
177,Maxie O'Dunneen,526-613-7332,Portugal
178,Tania Esmead,855-777-4271,France
179,Normy Beacom,106-320-7472,China
180,Robbyn Kleinstein,837-879-6341,Brazil
181,Fawnia Testo,318-982-5023,China
182,Hertha Ingolotti,489-743-9850,Poland
183,Flinn Schultes,754-623-9131,China
184,Farrah Etheridge,584-806-1123,Argentina
185,Tiffani Chrystie,486-572-9139,China
186,Lezley Wippermann,584-932-9687,Japan
187,Anthea Cogar,716-377-2604,China
188,Tiphany Slatcher,331-142-6263,Philippines
189,Buddie Nolleau,512-784-5050,Philippines
190,Jordain Smelley,975-543-2835,China
191,Audie MacKill,255-721-9748,China
192,Ardisj Scardefield,780-808-8300,China
193,Amata Vagg,217-590-2997,France
194,Davidson Joiris,769-776-1930,China
195,Roma Geratasch,919-345-0362,Indonesia
196,Savina Alexis,817-859-5055,China
197,Betsey Rodbourne,250-911-5486,Philippines
198,Townie Teasdale-Markie,893-177-5589,France
199,Kriste Warnes,723-833-9613,Brazil
200,Sile Risson,311-758-3956,Poland
201,Krista Wickey,917-703-4509,China
202,Maggee Malloy,754-931-6861,Norway
203,Freddi Swiffan,199-896-9871,China
204,Werner Summerlie,218-624-5646,China
205,Carmelina Barbe,237-754-0656,Indonesia
206,Dunstan McIlraith,219-383-4917,Greece
207,Rayna Derycot,660-474-4125,Indonesia
208,Renata Barfoot,262-200-9203,Ethiopia
209,Venita Szantho,912-290-7140,Indonesia
210,Gabbie O'Dempsey,786-254-5219,Indonesia
211,Clarissa Ewenson,392-825-6316,Mexico
212,Donelle Bainbridge,407-241-5458,Mali
213,Stefania Melloi,986-354-9572,China
214,Lowrance Kightly,338-628-8473,Bahamas
215,Aguste Kedge,422-444-4494,Indonesia
216,Lynsey Balthasar,819-634-9589,Indonesia
217,Cornie Gandey,717-507-8945,Colombia
218,Belinda Mosdill,471-956-4923,Laos
219,Angela Georgeou,818-210-1187,Japan
220,Ash Risley,365-708-8983,Iceland
221,Stafani Bearne,493-524-6047,China
222,Wanids Bantham,166-786-6461,Tonga
223,Wake Jennick,737-188-8709,Norway
224,Sande Camolli,711-331-1979,Canada
225,Korrie Ewdale,153-553-4560,Philippines
226,Jacquenette Duplock,280-815-3748,Kyrgyzstan
227,Lonee Kiddle,651-443-4514,Israel
228,Bret MacKonochie,506-210-5425,France
229,Prinz Oxnam,595-450-5297,Russia
230,Joice De Giorgi,747-669-3532,China
231,Cosme Dyott,367-356-3317,Brazil
232,Pru Cardnell,631-470-8127,China
233,Jeri Eccleshall,619-447-0179,Vietnam
234,Brianna Garlicke,636-889-9228,Poland
235,Ivonne Mathewes,535-408-8526,Colombia
236,Darby de Werk,578-247-6114,Sweden
237,Hillary Klaiser,909-262-5662,Kazakhstan
238,Saraann Idale,722-280-5776,France
239,Annora Traite,847-313-9380,Moldova
240,Sonni Olerenshaw,352-374-0903,Poland
241,Darda Starsmeare,711-225-1268,Tanzania
242,Tallia Wybrow,660-905-7386,China
243,Viola Vashchenko,209-918-8252,United States
244,Ciro Grogono,185-201-6027,Croatia
245,Angela Escala,336-283-9657,Serbia
246,Levi Tring,439-118-6066,France
247,Trude Balffye,405-628-4056,United States
248,Riordan Loach,880-876-6330,Portugal
249,Roda Waters,527-512-3707,Indonesia
250,Jean Baroux,432-372-6052,China
251,Idelle Pickover,256-816-0082,Pakistan
252,Nataniel Merrall,859-217-0818,Brazil
253,Ameline Maynard,499-331-7535,Brazil
254,Mora Kleisle,542-951-9372,China
255,Jim Nolder,683-589-7287,Indonesia
256,Astrix Cufley,635-344-6673,Cuba
257,Gil Loody,923-752-7660,China
258,Inesita Tadgell,861-669-6835,Peru
259,Arthur Sturm,382-475-5357,Japan
260,Page Batkin,226-307-0403,Greece
261,Shanie Derobert,994-438-8727,Mexico
262,Trixie Livsey,791-325-0268,China
263,Daron Cokly,122-889-3202,Philippines
264,Suzanna Lindroos,638-929-9831,Indonesia
265,Lefty Withrop,742-486-9997,Colombia
266,Zed Jakubovski,364-494-6269,Portugal
267,Ree Walentynowicz,336-679-9165,China
268,Bord Segge,540-752-7569,Russia
269,Darrell Wooddisse,141-186-1462,Madagascar
270,Uri Bamforth,507-654-7655,China
271,Tabbie Northfield,281-163-0885,Cameroon
272,Ryan Kittley,199-242-1999,Japan
273,Udell Tuny,531-677-8331,China
274,Jerome Izaks,663-438-6137,Peru
275,Ira Goudman,491-513-6037,Brazil
276,Benedetta Oloshkin,475-625-0262,Armenia
277,Brady Tommei,521-736-9216,Peru
278,Davide Delamar,809-291-1499,New Zealand
279,Marta Mines,529-215-6370,Indonesia
280,Ebenezer Gooders,346-222-0624,Senegal
281,Griswold Brydson,907-947-6098,Brazil
282,Amara Ackenson,585-571-4368,China
283,Byrle Hehnke,669-684-8041,China
284,Candi Ferrone,933-385-6323,China
285,Egon Roxbee,254-696-3484,Japan
286,Celestyna Gounot,920-873-6841,Nigeria
287,Paige Jirick,709-876-1163,Armenia
288,Allen Winckles,588-693-2513,Tajikistan
289,Jeffry Mussington,715-896-9109,Philippines
290,Kathryn Vasyukov,304-478-1614,Sweden
291,Ferd Gowler,756-426-6359,Philippines
292,Jewell Towns,762-269-0971,Argentina
293,Kennett Do,826-884-8151,China
294,Noe Liversage,629-200-5362,Iran
295,Poul Ketteridge,108-793-4696,China
296,Marybelle Larmour,785-820-7723,Canada
297,Wendy Parks,906-964-7886,China
298,Lazaro Staddart,770-894-2518,China
299,Demetris Trueman,246-681-5499,China
300,Angie Quoit,673-993-9468,France
301,Ag Yakuntsov,126-585-8688,China
302,Fania Traite,507-192-7356,Brazil
303,Jedd Anfrey,779-690-5848,Philippines
304,Frankie Whifen,312-922-8691,United States
305,Katharyn Lidyard,802-867-1857,Brazil
306,Emanuele Tinklin,548-963-9049,China
307,Harmony Wetherhead,516-718-8167,Russia
308,Craggie Wigin,609-586-9207,Nigeria
309,Von Addeycott,512-692-1131,Indonesia
310,Kort Drynan,368-260-9610,Brazil
311,Carrie Plinck,101-468-5525,Indonesia
312,Granville Bladder,160-455-1775,Morocco
313,Ariel MacGebenay,193-130-4657,Russia
314,Theodoric Van Arsdall,243-787-0516,China
315,Ford Disbrow,509-831-4221,China
316,Nicola Kroin,456-886-3117,Kazakhstan
317,Roze Mattheissen,599-645-4312,Mali
318,Mareah Peschka,978-760-6666,Greece
319,Dalton O' Hanvey,210-469-1498,Russia
320,Marketa Bartelot,836-429-9634,Bolivia
321,Helenelizabeth Soutar,677-291-0325,Azerbaijan
322,Hadria Rutherford,293-502-1227,Argentina
323,Corey Cordell,800-248-5559,Croatia
324,Ben Stickens,606-486-1264,Ukraine
325,Jerrie D'Hooghe,153-813-1800,Portugal
326,Marietta Morde,450-375-9327,Sweden
327,Gale Rallin,648-169-6253,China
328,Liva Sleightholme,497-201-2603,Canada
329,Wyndham Wattins,523-399-9563,Brazil
330,Alon Gofforth,841-721-5392,France
331,Donall Shwalbe,551-904-8404,France
332,Maynard Duffield,702-653-8266,United States
333,Shaylah Prendeguest,339-583-9438,China
334,Cecil Persicke,973-832-5717,United States
335,Calvin Margrie,935-411-9101,Portugal
336,Viv Alexander,509-277-3197,China
337,Robbyn Menault,287-567-9691,Philippines
338,Puff Reavey,385-756-6087,Czech Republic
339,Sky Baxstare,240-500-8970,Brazil
340,Wheeler Mertin,162-579-4499,Japan
341,Xymenes Wickardt,221-105-5899,Russia
342,Donavon Gartshore,416-326-8215,Indonesia
343,Andre McIlwraith,785-956-7621,Philippines
344,Gwendolen Vynall,456-152-2379,Russia
345,Astrix Binfield,796-217-9973,Yemen
346,Salvatore Trayton,759-831-3166,Indonesia
347,Kevyn Pigeram,156-646-6757,Tanzania
348,Tanny Wilcher,945-608-0710,Poland
349,Griffie Bealton,629-623-9280,Democratic Republic of the Congo
350,Forester Skynner,779-587-2953,Thailand
351,Anny Bosket,335-778-3164,Indonesia
352,Hynda Ohrtmann,625-571-1785,Kuwait
353,Celestia Nizard,861-173-2162,China
354,Catherine Gilliat,485-520-7329,Peru
355,Gratia Heindle,209-682-9122,Kazakhstan
356,Louise Ffoulkes,304-959-9449,Indonesia
357,Lazar Haugh,875-222-5000,China
358,Jillene Carnew,927-522-8382,Canada
359,Georgianne Corran,363-567-8166,Finland
360,Lulu Powderham,209-405-8619,Netherlands
361,Clayson Prettejohns,440-280-0155,Peru
362,Terrye Breeton,815-948-4131,China
363,Elden Denyagin,478-393-3734,Philippines
364,Serene Letchford,674-549-4640,Brazil
365,Yank De Brett,944-352-9791,Brazil
366,Bryna Ivanishin,255-786-0089,Brazil
367,Gabrila Wille,842-847-0445,Indonesia
368,Morry Eliassen,332-513-8402,Portugal
369,Cosette Trytsman,335-664-9770,China
370,Humberto Boggers,732-731-1900,China
371,Parry Orford,840-669-0341,Brazil
372,Lethia Foye,190-328-0685,China
373,Letisha Harrell,899-881-6224,Bosnia and Herzegovina
374,Denver Ceccoli,323-839-4479,Poland
375,Leupold Ramsell,792-535-9271,Russia
376,Ichabod Diviney,205-695-4840,Czech Republic
377,Jandy Cruickshank,513-832-9003,Brazil
378,Malena Judge,356-570-3623,Iran
379,Halsey Luigi,896-513-3412,Mongolia
380,Elwyn Leindecker,179-172-8087,Indonesia
381,Stefanie Woofinden,405-584-7589,Japan
382,Doralynn Guttridge,971-244-6290,Indonesia
383,Joby Harrhy,791-413-0449,Argentina
384,Basia Vigours,327-775-4769,Japan
385,Hervey Waggitt,507-330-3595,Sweden
386,Ruddie Pashe,974-280-2617,Japan
387,Gerrie Voisey,725-951-5596,Russia
388,Hope Boughey,297-342-0184,Ivory Coast
389,Adey Loud,427-176-4202,Bosnia and Herzegovina
390,Tally Hounson,287-705-0784,Japan
391,Juliette Renwick,585-832-4578,Vietnam
392,Lotta Woof,447-153-9215,Comoros
393,Elli Bassilashvili,519-253-6220,Spain
394,Hester Gritskov,388-409-0144,Austria
395,Leontine Clemintoni,531-757-6609,Portugal
396,Palmer Jeandin,769-776-9241,China
397,Mildred Mandeville,498-433-8121,Japan
398,Gene Devlin,402-270-1061,Russia
399,Margi Sartin,382-193-8641,Zimbabwe
400,Silvia Sichardt,137-811-3701,France
401,Charlotta Moller,261-749-5604,Mexico
402,Jacquenette Axcel,839-797-4357,Peru
403,Auberta Fielden,406-688-9934,Indonesia
404,Cammi Kyndred,536-974-7799,Ethiopia
405,Keriann Bolwell,295-557-7331,Poland
406,Raf McClory,848-264-3100,Sweden
407,Derward Beszant,686-409-0771,Russia
408,Birch Rappport,670-955-6325,Indonesia
409,Orlando Housaman,390-284-3706,China
410,Malchy Knill,732-107-8113,Mexico
411,Priscilla Manicomb,388-907-4119,Kuwait
412,Chase Valentin,586-590-5610,Poland
413,Wilburt Thowless,806-195-0556,Greece
414,Shelley Biggerstaff,276-787-4770,China
415,Germana Goldsberry,513-839-0312,United States
416,Valera Alfuso,910-416-4685,Indonesia
417,Noellyn Bellin,571-716-0388,China
418,Cathlene Durgan,381-444-6219,Indonesia
419,Lenka Keble,701-382-6401,Finland
420,Arch McArthur,592-347-7591,Malaysia
421,Jon Foston,950-605-1012,Switzerland
422,Jorgan Epperson,842-164-3157,Ecuador
423,Kayle Booton,530-918-9540,Colombia
424,Cthrine Fibbitts,505-134-2286,Philippines
425,Meryl Jerrolt,922-282-6313,Argentina
426,Marcelline Blaby,295-451-1862,Mexico
427,Linette Berthomieu,752-963-2451,Poland
428,Marta Raselles,518-109-0619,Jamaica
429,Alexio Bryceson,716-888-9473,Portugal
430,Bridie Eberts,639-604-6535,China
431,Fiann Summerley,148-621-9416,Indonesia
432,Seana Dairton,387-131-7015,Pakistan
433,Felicdad Rosenblath,556-353-0055,Indonesia
434,Patrice Thrussell,186-436-9977,France
435,Estelle Crookshank,575-369-3513,China
436,Paxton Crosseland,902-255-8276,Germany
437,Udale Graben,412-585-4928,China
438,Paulo Tooher,824-159-4805,China
439,Ester Edgerley,184-211-7786,Brazil
440,Minne Dossetter,670-596-5626,Poland
441,Renee Capeloff,611-248-3501,Azerbaijan
442,Malvina Pigney,361-754-1004,Japan
443,Allyn Wenman,874-705-0596,China
444,Sherill Tackett,448-294-2869,China
445,Brooks Semerad,587-438-9404,Mexico
446,Henrik Ranfield,893-119-2757,Belarus
447,Page Klaas,816-966-9105,United States
448,Quintus Maundrell,486-253-7932,France
449,Elisha Tolossi,438-842-8052,Philippines
450,Larisa Deeth,941-232-4543,Indonesia
451,Selby Knok,254-244-4995,Venezuela
452,Danyette Ortler,437-402-2122,Afghanistan
453,Broderic Squirrell,217-792-1444,Brazil
454,Gnni Kelloch,894-810-1661,Russia
455,Dyna Lesor,602-156-1971,United States
456,Karrie Marflitt,211-949-4618,Greece
457,Ashbey Anlay,213-967-3508,Palestinian Territory
458,Cesare Gingedale,111-296-6072,Nigeria
459,Odessa Algie,729-881-2824,Sweden
460,Kathie Anthon,263-481-1185,Japan
461,Gilburt Bastian,158-121-3579,Poland
462,Charmaine Gameson,525-586-1594,Indonesia
463,Anya Dunge,498-702-8576,Brazil
464,Trey Code,224-346-2142,Canada
465,Shae Ferrarone,485-715-4499,Argentina
466,Hadria Lambourn,741-621-8267,Portugal
467,Blakelee Hise,370-945-6244,Portugal
468,Locke Iverson,344-132-9740,Armenia
469,Jefferey Manoelli,898-253-9581,Poland
470,Raphaela Manford,216-544-8400,Ukraine
471,Alfons Kryzhov,173-588-2369,Guatemala
472,Nealy Kerrey,529-175-6697,China
473,Georgine Somerlie,289-855-0005,Japan
474,Benedetto Thinn,915-481-1568,Kosovo
475,Leonora Patron,332-998-8599,China
476,Omero Camplin,669-814-2301,Russia
477,Rozalin Connerly,528-972-8369,Argentina
478,Regan Dymidowski,726-650-4512,Russia
479,Shell De Gowe,811-467-1515,Russia
480,Rusty Carrell,728-515-2332,China
481,Almire Pyecroft,697-933-5126,Philippines
482,Sheffield Melato,523-571-0635,Colombia
483,Brittni Werrett,162-530-0088,Macedonia
484,Em Bagnall,721-980-7297,France
485,Crin Brellin,523-517-1568,Indonesia
486,Karoline Astling,280-249-4112,Indonesia
487,Archy Ilyukhov,151-326-6217,Brazil
488,Regine Yearby,944-764-2619,Venezuela
489,Joseph Oldman,443-927-4282,Indonesia
490,Kiel Wife,163-454-9959,Uzbekistan
491,Rosalind Sirman,781-412-3611,Liechtenstein
492,Cale Thairs,193-261-8141,Poland
493,Pancho Sleightholme,178-312-7642,Canada
494,Heloise Shropshire,656-708-1121,China
495,Hunter Ringsell,185-616-1722,China
496,Dodie Connal,542-980-8512,Czech Republic
497,Cart Sykes,563-497-4699,Indonesia
498,Corby Clackson,669-636-2787,Russia
499,Rasia Waterson,850-122-9645,Indonesia
500,Blaine Buddles,200-245-3556,Portugal
501,Juieta McEneny,507-102-4023,France
502,Tremayne Bulled,273-365-5803,Cuba
503,Nicole Cloonan,787-669-3093,Ivory Coast
504,Teirtza Pexton,147-482-8573,Philippines
505,Danila Stoney,112-881-9826,Russia
506,Aurelia Ternent,949-272-4472,China
507,Dorena Nissle,716-126-5932,China
508,Dyane Disbrey,943-206-6397,Indonesia
509,Tremayne Farquarson,245-258-9238,Palestinian Territory
510,Jarret Dzenisenka,940-477-4445,Russia
511,Cecily Falco,796-736-2398,Afghanistan
512,Filmore Newark,998-977-3033,Indonesia
513,Steward Rowbury,981-893-9529,El Salvador
514,Doti Dwelly,965-740-1177,Philippines
515,Jerald Ogan,396-102-7282,Russia
516,Richart Daborn,212-440-9791,United States
517,Amii Thyng,518-467-5687,Indonesia
518,Archer Wellstead,659-457-4277,China
519,Hector Bickerstaff,852-954-3893,Mexico
520,Cordi O'Curran,838-412-9030,Philippines
521,Edward Vockins,433-707-2447,Afghanistan
522,Cristina Epgrave,861-750-7707,Indonesia
523,Herminia Deacon,655-246-1673,Indonesia
524,Drusie Borne,119-763-0592,Japan
525,Godfry Bragginton,440-159-1275,Indonesia
526,Selma Aberkirder,168-829-5046,China
527,Hurleigh Crawshaw,232-115-9453,Sweden
528,Claudell Raftery,783-645-5816,Colombia
529,Kennedy Presidey,131-601-0162,Greece
530,Tito Tantum,163-407-7908,Mali
531,Abbye Bridgman,886-617-5042,Poland
532,Marylin Filipiak,550-737-6809,Thailand
533,Isaiah Veque,637-191-1095,Niger
534,Annnora Fludgate,449-222-1402,China
535,Aluino Lenden,260-701-5316,Indonesia
536,Devin Carling,928-101-7673,United States
537,Rennie Locard,674-102-4227,China
538,Flss Baudassi,415-145-4838,Portugal
539,Randa Smardon,271-365-7657,Indonesia
540,Simona Skakunas,621-891-3580,Brazil
541,Madalena Clogg,310-300-5816,China
542,Angy Dutson,691-351-7764,Republic of the Congo
543,Koren Gawkes,431-749-6346,China
544,Rakel Bridell,206-210-8561,Russia
545,Willamina Shane,815-519-8492,Hong Kong
546,Cacilia Scotchmor,403-702-0284,Dominican Republic
547,Tessie Lippiett,318-490-4124,Cuba
548,Archie Szymanski,636-804-1750,Greece
549,Blondy Kay,613-136-8778,China
550,Muffin Capelen,681-267-8568,Thailand
551,Lev McAlester,388-570-2451,Indonesia
552,Darya Aldhouse,965-792-0262,Colombia
553,Rudolfo Treamayne,331-439-9024,China
554,Kort Crawshaw,518-257-5340,Spain
555,Sherill Gurney,801-945-6370,Nigeria
556,Danette Rigardeau,241-395-8422,Argentina
557,Reinwald Peasegood,817-698-9600,Peru
558,Lauree Colledge,546-736-4275,Syria
559,Willie Goodhall,509-976-8306,Indonesia
560,Vaclav Mutter,805-999-3301,Brazil
561,Oren Beckinsale,325-253-0257,Kazakhstan
562,Grace Solloway,535-888-8283,Liberia
563,Bone Breinlein,469-246-3423,Poland
564,Monika Fautley,377-133-6700,Brazil
565,Jehanna Ducham,253-840-7336,Czech Republic
566,Zabrina Johnsey,462-212-1272,Netherlands
567,Darlene Duns,420-961-0914,Brazil
568,Lotte Colling,561-619-4440,Russia
569,Emmalee Laurisch,421-483-7789,Ethiopia
570,Tybi Chelley,544-331-9668,China
571,Inness Yurocjhin,837-338-2595,Brazil
572,Cherlyn Crusham,347-787-1269,Argentina
573,Constantia Reeveley,491-347-0171,Poland
574,Sebastiano Shea,820-661-5639,Sweden
575,Ervin Whiscard,260-730-3186,Tanzania
576,Noelle Glozman,512-885-5091,Iran
577,Hetty Rutigliano,309-818-9283,El Salvador
578,Rogerio Naile,185-956-0825,Czech Republic
579,Rees Anthes,559-305-7616,Philippines
580,Hashim Hartzenberg,101-453-5760,Indonesia
581,Cleavland Ferruzzi,787-487-6490,Sweden
582,Theodor Anten,149-984-0004,Iran
583,Ulick Oliff,418-972-8523,Indonesia
584,Nerti Greatorex,219-929-7417,China
585,Nanete Teas,382-521-1376,China
586,Kasper Jerosch,581-169-7343,Czech Republic
587,Hope Doorey,826-891-0583,Serbia
588,Nanon Maile,687-487-7773,China
589,Philly Firmager,475-177-8068,Peru
590,Rube Blaydon,534-317-0729,Portugal
591,Fernando Pomeroy,847-560-6966,Indonesia
592,Leland Elstob,874-969-8192,Indonesia
593,Jose Kynston,997-224-3739,China
594,Sammie Robertz,523-957-6675,Greece
595,Cobbie Gibbeson,330-936-0463,France
596,Carlo Weatherall,337-443-6460,China
597,Ethe Ryder,954-185-7916,China
598,Gan Van Saltsberg,741-901-5211,Greece
599,Kippie Feldberger,220-877-7347,Philippines
600,Hildagard Burnyeat,899-237-5129,Philippines
601,Marissa Darwood,966-392-6650,Spain
602,Wilbur Le Gall,327-728-5337,Philippines
603,Pearle Snoding,556-237-2435,Mauritius
604,Lou Naile,911-426-7342,Russia
605,Mureil Blazhevich,317-439-4310,Indonesia
606,Kelcey Dwire,268-960-5812,Brazil
607,Immanuel Snalum,717-527-1575,Russia
608,Susann MacAindreis,735-485-6849,Brazil
609,Eydie Dullingham,502-201-7094,Indonesia
610,Adair Baugham,166-153-3603,Indonesia
611,Emiline Zuppa,860-843-7299,Indonesia
612,Uriel Nenci,378-210-7809,China
613,Selena Gorthy,721-575-5237,China
614,Merilyn Warke,297-140-7274,China
615,Lorette Oager,579-982-1092,Indonesia
616,Bianka Posselow,585-428-3353,Indonesia
617,Cordi Brahan,607-473-4681,China
618,Ally Scutcheon,342-652-4402,Portugal
619,Agretha Kibble,487-444-5285,China
620,Lem Thing,203-818-2256,United States
621,Emylee Rumbold,824-676-8176,Argentina
622,Jameson Laurant,666-193-0747,Argentina
623,Germana Carwithen,877-257-4097,Sweden
624,Chrysa Golightly,257-499-6226,Philippines
625,Shalna Morton,523-391-7988,Indonesia
626,Rosette Alsopp,940-703-1466,Syria
627,Gerri Hlavac,731-598-7336,Egypt
628,Evelyn Glassman,256-796-1038,Pakistan
629,Dugald Praundlin,826-192-2674,Uganda
630,Gabby Johansson,524-793-4489,Vietnam
631,Bamby Kierans,929-101-8068,Bosnia and Herzegovina
632,Mandie Juara,880-369-8034,Bulgaria
633,Melvyn Elves,697-159-2620,Poland
634,Karol Pane,387-865-7368,Brazil
635,Jehu De Bruyne,594-871-2034,Slovenia
636,Bonnee Barnard,853-748-1575,Azerbaijan
637,Lennard Harmes,518-450-4307,Colombia
638,Tabbie Ungaretti,844-644-4091,Poland
639,Larry Yushmanov,843-166-7688,Russia
640,Cecily Jodkowski,170-754-4931,Albania
641,Sacha Tomasz,439-568-5122,Greece
642,Beniamino Tenney,925-688-7086,Ghana
643,Frederick Gearty,680-792-8815,China
644,Dukie Fowgies,174-166-1241,China
645,Riva Washbrook,558-113-5283,Nigeria
646,Gay Harrismith,714-819-0089,United States
647,Hally Silly,576-453-2124,Brazil
648,Don Kearford,834-638-6996,Peru
649,Waverly Ivatts,655-909-3494,Canada
650,Issy Castleman,141-563-8596,Vietnam
651,Olenolin Fenna,594-746-5563,China
652,Neale Woolpert,990-114-4857,Canada
653,Bob Kinsella,910-584-6763,Poland
654,Pebrook Elward,310-530-0867,Colombia
655,Bealle Chomley,616-913-3721,Indonesia
656,Ariella Franzewitch,924-466-0466,Thailand
657,Brigitta Pirolini,430-674-3964,Indonesia
658,Janice Westover,941-887-7719,Pakistan
659,Duncan Kroger,634-446-0441,Brazil
660,Rhetta Reeds,230-331-2132,Portugal
661,Etan Chidler,674-704-2670,Philippines
662,Winston Nesfield,689-235-8821,Philippines
663,Andonis Fountain,163-965-5265,Afghanistan
664,Stavro Molineux,396-569-0681,Colombia
665,Svend McNaught,529-822-4951,Philippines
666,Hugh Shall,134-248-2608,China
667,Augie Walisiak,397-397-4619,China
668,Bernie Clibbery,781-589-8138,China
669,Allie Hall-Gough,700-273-9123,China
670,Franklyn Digg,213-311-1698,Indonesia
671,Pauly Brockwell,832-398-8583,United States
672,Ervin Botright,590-897-3822,China
673,Brew Broadfoot,405-702-4883,Poland
674,Marcella Elman,671-758-0834,China
675,Elysha Hewson,708-115-7705,Thailand
676,Daron Lanon,643-826-4510,Japan
677,Farand McGlew,480-627-0660,France
678,Vivien Bineham,101-175-3509,China
679,Lovell Bladen,157-735-1202,Canada
680,Chrysler De-Ville,917-881-5343,Philippines
681,Hall Ryce,434-902-9332,Russia
682,Anatole Wooding,241-495-3164,Iran
683,Gina Rogeon,595-532-4339,Ireland
684,Merna Chaffyn,313-586-5531,Uzbekistan
685,Brennen Conningham,271-898-2844,Peru
686,Sloane Youdell,364-797-2418,Canada
687,Helga Oakhill,860-202-6031,Portugal
688,Ivette Parr,129-311-1131,Czech Republic
689,Imojean Dunbobbin,961-543-9951,Morocco
690,Jeannie Zanetello,446-229-7809,Turkmenistan
691,Viki Grigaut,114-709-1707,Botswana
692,Filmer Worstall,665-577-8251,Portugal
693,Hildegarde Cozby,305-115-9971,Gambia
694,Sabine MacAnulty,609-756-5557,Afghanistan
695,Daveen Jozsika,428-573-5626,Morocco
696,Jennette Morde,151-106-4311,Mongolia
697,Abbie Irnys,844-571-1277,China
698,Jeffie Daviddi,419-303-5179,China
699,Ninette Beeze,576-705-8555,China
700,Wells Verralls,628-980-5005,Argentina
701,Fancy Haggerstone,326-139-0128,China
702,Hildagard Bigadike,779-680-4244,Bulgaria
703,Doy Cuddon,473-877-6085,Japan
704,Dulcia Beck,541-544-0264,Philippines
705,Wilhelm Livard,118-330-1678,Venezuela
706,Danette Jillins,244-275-2719,Portugal
707,Clarinda Filinkov,890-646-0354,Japan
708,Ronny Kindleysides,122-254-0800,China
709,Isidro Fotheringham,991-479-7662,Mali
710,Margie Brenstuhl,619-109-4885,Russia
711,Valaree Rogister,240-902-9460,China
712,Lizzy Fontell,314-646-2934,Indonesia
713,Faythe Ghost,483-993-5672,Philippines
714,Kathryn Ofer,165-342-7644,Indonesia
715,Demeter Hagan,546-707-3051,Sweden
716,Trefor D'Costa,531-870-6020,Indonesia
717,Joel Rubinchik,851-494-6233,Mongolia
718,Gerry Randalston,957-877-7446,China
719,Temp Arsmith,370-857-9875,Greece
720,Archibold Doey,506-968-9439,France
721,Darcy Philpotts,457-919-5509,Poland
722,Heriberto Couroy,959-799-9604,China
723,Wittie McKaile,170-130-4953,France
724,Twyla Barbrook,816-870-2802,Poland
725,Marion Paniman,766-263-5897,China
726,Craggie Shackleton,359-378-3770,Russia
727,Renae Lawfull,160-922-8468,South Africa
728,Aundrea Pirdy,141-178-1821,Syria
729,Abra Marmion,464-369-3554,Canada
730,Gypsy Timblett,499-958-6254,France
731,Terencio Swendell,183-384-1844,Austria
732,Chaddy Taylour,512-198-2987,Nigeria
733,Penni Gadsby,127-816-5639,Nigeria
734,Layne Schoolfield,185-105-6531,Philippines
735,Aurora Reinhard,573-533-0242,China
736,Myrvyn Brew,700-631-7194,Poland
737,Ammamaria Antonutti,658-731-7567,Albania
738,Lanna Franssen,678-196-4486,Brunei
739,Lesley Haylock,910-715-2070,Madagascar
740,Vite Wippermann,974-437-8653,Indonesia
741,Corey Pick,681-834-9878,Indonesia
742,Wendeline Fishleigh,405-624-6514,United States
743,Gabriello Browett,689-552-2753,Indonesia
744,Dyna Kloska,701-889-9016,Portugal
745,Saundra Gullefant,328-268-4631,Saint Pierre and Miquelon
746,Donny MacMenamie,912-203-1991,Philippines
747,Monti Flinn,635-244-2109,Greece
748,Merv Vasyaev,825-830-8506,Argentina
749,Juliet Rogge,185-425-9635,France
750,Perren Shergill,652-977-5831,Portugal
751,Trever Meade,434-595-2067,China
752,Pammy Kingdom,293-813-4476,China
753,Caterina Caught,261-739-8401,Indonesia
754,Dill Lazell,769-914-3856,Poland
755,Hermia Waind,210-744-0085,Brazil
756,Twyla Sayse,542-458-7848,Taiwan
757,Lisle Mobberley,862-456-7069,China
758,Ginger Angric,525-345-6917,China
759,Forrest Botha,807-881-3813,Ireland
760,Cinda Fludgate,840-101-9759,Argentina
761,Dene Powe,389-690-8179,Indonesia
762,Ximenez Langman,162-816-2324,China
763,Marilyn Tejero,538-451-1750,Netherlands
764,Brand Garham,447-981-7826,Japan
765,Kaylyn Holborn,830-474-5927,East Timor
766,Starla Frayn,310-958-2971,South Africa
767,Tildy Sketchley,961-189-0598,Indonesia
768,Norry Duiged,172-974-1730,China
769,Alfreda Chapman,856-900-0619,Indonesia
770,Reynolds Scrivin,394-363-6149,Philippines
771,Lyn Deinert,514-419-3864,Dominican Republic
772,Jean Shewen,892-755-4654,Argentina
773,Hilda Maidment,345-508-6104,China
774,Tuck Dugget,786-230-2605,Indonesia
775,Moll Coling,655-964-6220,Taiwan
776,Gail Lambell,543-259-7355,Brazil
777,Brittan Le Clercq,765-486-5602,Finland
778,Gert Hargey,935-640-3283,Poland
779,Bevvy Pogue,434-328-5243,Indonesia
780,Aubrey Kirgan,775-505-8078,Croatia
781,Devi Abrahmovici,774-119-7211,China
782,Donnamarie Wakeman,779-581-4131,Vietnam
783,Amabelle Glass,381-368-0044,Russia
784,Darla Sutliff,957-595-6691,Kazakhstan
785,Archibold Rizon,752-632-8520,Colombia
786,Carmon Wanklyn,546-436-3143,France
787,Jayne Unwins,905-852-3361,Russia
788,Ebeneser Norman,313-599-5544,United States
789,Dolli Scattergood,863-427-8170,Nigeria
790,Milena Sabban,531-654-9313,Russia
791,Andriette Binny,589-159-6939,China
792,Joann Seeley,534-457-0044,Russia
793,Roby Hasson,819-597-2296,Poland
794,Christel Paulsen,335-339-0552,China
795,Niles Scrowston,609-954-9579,China
796,Otes Bannard,116-645-7482,Costa Rica
797,Vikki Ellcome,139-145-3581,China
798,Liam Tithecote,327-190-8229,Angola
799,Dilan Blooman,333-643-5013,Sweden
800,Fan Alvares,230-742-8310,China
801,Stevena Castello,161-468-9534,Montenegro
802,Ambrosius Bransby,703-597-1108,Egypt
803,Issie Iuorio,793-487-3803,China
804,Cassey Hunte,652-362-0563,Russia
805,Elvera Clerk,705-423-9945,China
806,Rafaello Swindley,170-887-8692,Mexico
807,Julian Jannex,684-563-0926,China
808,Brigida Scullard,323-968-1443,Colombia
809,Hartley MacTrustey,582-219-0995,Latvia
810,Estevan Junkin,693-811-9541,Poland
811,Veriee Kleiner,607-643-5344,Russia
812,Christan Trethewey,641-653-4219,Brazil
813,Dru Fogden,665-168-7937,Palestinian Territory
814,Alejandrina Grinyov,374-337-3633,Malta
815,Petey Carmel,691-630-9892,Peru
816,Roxanna Burl,148-895-6199,Peru
817,Hewie Weben,993-381-7882,China
818,Coleman McLanachan,133-535-1172,Russia
819,Kata Durnall,904-334-3902,United States
820,Melina Colbeck,828-447-3356,United States
821,Correna felip,384-851-7477,Indonesia
822,Darnall Mersey,419-810-8860,Greece
823,Puff Pay,220-571-2038,Indonesia
824,Arabela Braden,700-484-9903,China
825,Eugine Hotton,214-825-6998,United States
826,Aline Hastie,414-301-1728,China
827,Uriah Rosenkrantz,268-148-3506,China
828,Lainey Heather,766-648-6390,Czech Republic
829,Matthus Heddon,502-118-2358,United States
830,Cris Glacken,217-598-4524,Indonesia
831,Alf Poolman,159-484-6425,Sweden
832,Staford Whitaker,493-139-4055,China
833,Belita Boland,299-691-6442,Indonesia
834,Noel Cafferty,922-284-0109,Brazil
835,Janice Bunyard,588-434-1230,Indonesia
836,Maury Caldayrou,463-569-1321,Vietnam
837,Benny Vigneron,902-737-2402,Nigeria
838,Jon Lattos,283-840-0668,Angola
839,Terese Rozenbaum,372-570-3111,Ecuador
840,Brett Chasemore,820-776-7618,Chile
841,Ludwig Mapston,602-695-0397,China
842,Kippy Coatts,794-273-1639,Canada
843,Tiffie Lemonnier,586-578-7366,Indonesia
844,Christoffer Rhyme,304-843-6478,Russia
845,Tierney McMarquis,717-680-3601,Indonesia
846,Jaynell Platfoot,822-745-9821,Poland
847,Chloette Munning,200-371-0032,Mexico
848,Inge Berr,634-398-5601,China
849,Svend Forcade,334-696-5929,Macedonia
850,Pollyanna Verillo,982-566-6952,Uganda
851,Wallie Solleme,492-188-0101,France
852,Ingaborg Sproule,390-677-3623,Tanzania
853,Lenee Greasley,874-968-1783,Indonesia
854,Zoe Zapatero,893-260-7397,Czech Republic
855,Janela Kilkenny,387-892-8267,Botswana
856,Adaline Bird,252-185-1526,Ukraine
857,Stanley MacGiolla,285-737-3590,Croatia
858,Gare Gandar,384-307-0789,Norway
859,Bob Hurdedge,122-337-7927,Russia
860,Giraud Colnet,240-371-5713,Brazil
861,Tobiah Schofield,365-130-3478,Argentina
862,Mahmoud Roust,428-539-3394,Greece
863,Vernon Grinikhin,436-566-6107,Saudi Arabia
864,Peggi Bowie,219-443-5085,Ukraine
865,Erie de Najera,754-678-4968,China
866,Malvin MacPadene,508-217-2799,Russia
867,Keslie Collumbine,713-345-8143,United States
868,Cortie O'Docherty,175-472-0688,France
869,Charissa Grushin,595-304-6528,Portugal
870,Nicky Shipley,529-721-8850,Brazil
871,Merrick Bancroft,120-716-3604,Portugal
872,Doug Treanor,860-392-6483,China
873,Aimee Searsby,148-929-4955,Sweden
874,Germain Northcote,783-807-1499,Russia
875,Doug Feldhorn,263-418-7615,Indonesia
876,Isak Gebb,807-737-1533,Azerbaijan
877,Marie Heal,459-841-9501,Mexico
878,Kasper Ruse,313-397-1418,China
879,Dalis Lestrange,336-226-1492,Mongolia
880,Flinn Munnery,300-427-7661,China
881,Debby Clapson,786-562-6556,Norway
882,Coleman Devita,727-127-0582,Malaysia
883,Alvie Raynard,737-666-6379,Indonesia
884,Gabie Hardaway,835-422-5148,Paraguay
885,Muffin Shovelbottom,673-736-1866,Finland
886,Gertrude Chomley,523-316-5633,Indonesia
887,Ashlie Upcraft,161-553-3795,Mayotte
888,Shaun Richfield,867-154-5022,Vietnam
889,Jaquelin Tullis,691-673-4903,China
890,Gerri Remer,609-579-3062,East Timor
891,Gwendolyn Eddisford,116-654-2931,Portugal
892,Doyle Gonzalez,689-580-6567,Kenya
893,Wildon Schohier,589-999-8039,Greece
894,Cherice Swinfen,154-551-2148,Colombia
895,Boigie Hurll,337-786-9864,Burundi
896,Ennis Sutter,848-987-8300,Philippines
897,Vere Dommersen,931-211-5659,China
898,Beck Goldup,270-917-4118,Myanmar
899,Marcelline Ivankin,388-202-4358,Portugal
900,Carlyle Oxteby,440-737-0388,China
901,Ranna Hartwell,311-539-4403,China
902,Ulric Mallatratt,362-343-6311,China
903,Mavis Mullord,970-615-4720,Ukraine
904,Linda Stenton,650-720-4889,Finland
905,Rozanna Millington,211-791-2088,Kosovo
906,Winny Menure,246-866-0124,Indonesia
907,Josi Bradley,578-982-7560,Poland
908,Aldric Sainsbury,469-740-8452,United States
909,Donalt Murby,805-395-4324,Thailand
910,Philis De Rye Barrett,431-382-7438,Costa Rica
911,Chilton Paroni,254-329-2440,China
912,Siana Lee,651-850-5869,Peru
913,Donaugh Mount,910-927-9009,Peru
914,Obadias Eldon,339-337-7909,Ethiopia
915,Auroora McDaid,710-672-7687,Ukraine
916,Nisse Etchingham,927-270-2594,Venezuela
917,Jaine Donnett,976-400-9974,China
918,Felizio Olkowicz,788-379-0106,Poland
919,Zonnya Brenstuhl,227-474-9116,China
920,Pattin Crosfield,307-780-8885,Russia
921,Clovis MacInerney,820-614-7904,Malaysia
922,Benjamin Ferretti,251-972-3705,Russia
923,Winny Formoy,487-610-7398,Bosnia and Herzegovina
924,Bernarr Schulkins,572-996-4561,Spain
925,Shirley Lehemann,795-654-1962,Sweden
926,Harrietta Boldock,187-307-2219,Russia
927,Geno Coen,290-939-8810,China
928,Hyacintha O' Byrne,787-119-7626,Afghanistan
929,Carlin Vedyashkin,454-349-6178,Kenya
930,Casi O'Nions,717-732-9478,Indonesia
931,Kirsti Losbie,947-780-9129,Georgia
932,Kristina Nattriss,843-279-5812,Ivory Coast
933,Concordia Husk,394-755-4084,China
934,Anestassia Rosenblad,658-862-4375,Uganda
935,Paige Baskett,540-559-6285,Indonesia
936,Hugh Towl,599-900-7709,Ukraine
937,Husein Tirone,248-765-8276,Croatia
938,Zaneta Rudsdale,383-948-4753,South Africa
939,Ronna Teasdale,689-212-8243,Japan
940,Way Hinckes,892-717-0387,Portugal
941,Regan Valois,223-628-2251,Palestinian Territory
942,Judas Yakunkin,668-549-0902,Central African Republic
943,Obed Copo,273-427-1285,China
944,Marilin Kyngdon,427-648-2081,Finland
945,Cordie Carney,103-973-1863,Indonesia
946,Kippar Dilleway,504-519-7248,Philippines
947,Micky Boshere,874-806-7781,Belarus
948,Dwayne Fratson,798-464-4539,China
949,Dominique Tissell,417-146-4155,United States
950,Annaliese Heinicke,793-680-3128,Russia
951,Alyse Sparry,824-233-4222,Albania
952,Les Grishkov,848-315-1659,Indonesia
953,Niel Reggio,174-669-1406,China
954,Gasparo Tilsley,100-755-0216,Indonesia
955,Angy Pittson,866-152-9559,Denmark
956,De Gartan,641-823-4061,Poland
957,Nannie Steckings,126-458-1773,China
958,Birgit Carluccio,739-301-7727,Portugal
959,Norbert Aire,493-494-0412,Russia
960,Tim Breedy,479-115-0176,Philippines
961,Winny Jobern,390-167-8574,Indonesia
962,Brooke Daughton,136-183-4596,Uganda
963,Yankee Maddinon,964-479-9061,China
964,Rozamond Airey,177-983-0429,Cameroon
965,Ketty Symington,558-731-8046,Latvia
966,Shelbi Casaro,157-603-5807,South Africa
967,Maia McIlhagga,586-829-6592,Malaysia
968,Jenifer Ivermee,800-842-3003,Costa Rica
969,Elita Girth,743-667-3582,Christmas Island
970,Maggy Flacknoe,261-217-7320,Brazil
971,Mike Roggers,771-226-2226,Philippines
972,Cordula Washtell,543-878-4508,Brazil
973,Arch Cluderay,748-236-1796,Philippines
974,Drucie Willacot,308-946-4207,Canada
975,Harmonia Truter,334-831-9754,Latvia
976,Eziechiele Leate,941-711-6290,Russia
977,Nicoline Durward,334-735-1374,France
978,Rhett Yatman,429-433-6778,China
979,Abeu More,917-231-3225,Luxembourg
980,Clayson Hechlin,242-699-9726,Iceland
981,Natalina Rozycki,385-978-4174,China
982,Kimberli Abrami,996-689-5724,Russia
983,Raine Sowden,665-143-7036,Nicaragua
984,Corrine Phillput,392-125-6248,Colombia
985,Lamond Gottschalk,809-705-8907,New Zealand
986,Guglielmo Laurenzi,267-959-3968,China
987,Paige Congram,133-931-1705,Morocco
988,Hyman Blanc,728-743-9905,Indonesia
989,Marys Murie,411-492-8647,Poland
990,Rik Davidson,237-931-8753,Indonesia
991,Crosby Burnhams,933-316-1409,China
992,Lenard Moreside,193-646-1577,Ukraine
993,Tulley Jindracek,636-279-3369,China
994,Mario Rettie,148-447-7036,China
995,Isobel Farrington,445-915-5910,China
996,Benedicta Erwin,496-364-6255,Portugal
997,Debbi Pauls,171-567-4991,Indonesia
998,Tannie Lamy,367-567-5126,Italy
999,Hazel Salasar,503-945-7190,Thailand
1000,Kamillah Penwell,368-287-7525,Sweden
